-- ==========================================================
-- Seeds: quiz_attempts + quiz_answers + quiz_attempt_questions (06)
-- Depends on: 03_questions.sql, 04_question_answers.sql
-- ==========================================================

-- Quiz attempts (student-generated, no quiz_id)
INSERT INTO "public"."quiz_attempts" ("id", "user_id", "score", "total_questions", "config", "started_at", "completed_at") VALUES
  ('00000000-0000-4000-8008-000000000001', '00000000-0000-4000-8001-000000000004', 2, 3, '{"subjectId": "00000000-0000-4000-8003-000000000001", "questionTypes": ["mcq"], "difficulty": "easy", "questionCount": 3}'::jsonb, now() - interval '1 day', now() - interval '1 day' + interval '5 minutes'),
  ('00000000-0000-4000-8008-000000000002', '00000000-0000-4000-8001-000000000004', 2, 2, '{"subjectId": "00000000-0000-4000-8003-000000000002", "questionTypes": ["mcq", "true_false"], "difficulty": "mixed", "questionCount": 2}'::jsonb, now() - interval '1 day' + interval '10 minutes', now() - interval '1 day' + interval '15 minutes'),
  ('00000000-0000-4000-8008-000000000003', '00000000-0000-4000-8001-000000000005', 3, 3, '{"questionTypes": ["mcq"], "difficulty": "medium", "questionCount": 3}'::jsonb, now() - interval '2 day', now() - interval '2 day' + interval '5 minutes');

-- Quiz answers
INSERT INTO "public"."quiz_answers" ("id", "attempt_id", "question_id", "selected_answer_id", "is_correct") VALUES
  ('00000000-0000-4000-8009-000000000001', '00000000-0000-4000-8008-000000000001', '00000000-0000-4000-8004-000000000001', '00000000-0000-4000-8005-000000000001', true),
  ('00000000-0000-4000-8009-000000000002', '00000000-0000-4000-8008-000000000001', '00000000-0000-4000-8004-000000000002', '00000000-0000-4000-8005-000000000005', true),
  ('00000000-0000-4000-8009-000000000003', '00000000-0000-4000-8008-000000000001', '00000000-0000-4000-8004-000000000003', '00000000-0000-4000-8005-000000000009', false),
  ('00000000-0000-4000-8009-000000000004', '00000000-0000-4000-8008-000000000002', '00000000-0000-4000-8004-000000000004', '00000000-0000-4000-8005-000000000011', true),
  ('00000000-0000-4000-8009-000000000005', '00000000-0000-4000-8008-000000000002', '00000000-0000-4000-8004-000000000005', '00000000-0000-4000-8005-000000000015', true),
  ('00000000-0000-4000-8009-000000000006', '00000000-0000-4000-8008-000000000003', '00000000-0000-4000-8004-000000000001', '00000000-0000-4000-8005-000000000001', true),
  ('00000000-0000-4000-8009-000000000007', '00000000-0000-4000-8008-000000000003', '00000000-0000-4000-8004-000000000002', '00000000-0000-4000-8005-000000000005', true),
  ('00000000-0000-4000-8009-000000000008', '00000000-0000-4000-8008-000000000003', '00000000-0000-4000-8004-000000000003', '00000000-0000-4000-8005-000000000010', true);

-- Quiz attempt questions (which questions were in each attempt)
INSERT INTO "public"."quiz_attempt_questions" ("attempt_id", "question_id", "order_index") VALUES
  ('00000000-0000-4000-8008-000000000001', '00000000-0000-4000-8004-000000000001', 0),
  ('00000000-0000-4000-8008-000000000001', '00000000-0000-4000-8004-000000000002', 1),
  ('00000000-0000-4000-8008-000000000001', '00000000-0000-4000-8004-000000000003', 2),
  ('00000000-0000-4000-8008-000000000002', '00000000-0000-4000-8004-000000000004', 0),
  ('00000000-0000-4000-8008-000000000002', '00000000-0000-4000-8004-000000000005', 1),
  ('00000000-0000-4000-8008-000000000003', '00000000-0000-4000-8004-000000000001', 0),
  ('00000000-0000-4000-8008-000000000003', '00000000-0000-4000-8004-000000000002', 1),
  ('00000000-0000-4000-8008-000000000003', '00000000-0000-4000-8004-000000000003', 2);
